model_gen/gen_0.keras , 0
model_gen/gen_0.keras , 0
model_gen/gen_0.keras , 0
model_gen/gen_0.keras , 0
model_gen/gen_0.keras , 0
model_gen/gen_1.keras , 0
model_gen/gen_1.keras , 0
model_gen/gen_1.keras , 0
model_gen/gen_1.keras , 0
model_gen/gen_1.keras , 0
model_gen/gen_2.keras , 0
model_gen/gen_2.keras , 0
model_gen/gen_2.keras , 0
model_gen/gen_2.keras , 0
model_gen/gen_2.keras , 0
model_gen/gen_3.keras , 0
model_gen/gen_3.keras , 0
model_gen/gen_3.keras , 4.0
model_gen/gen_3.keras , 0
model_gen/gen_3.keras , 2.0
model_gen/gen_4.keras , 0
model_gen/gen_4.keras , 0
model_gen/gen_4.keras , 2.0
model_gen/gen_4.keras , 2.0
model_gen/gen_4.keras , 0
model_gen/gen_5.keras , 0
model_gen/gen_5.keras , 0
model_gen/gen_5.keras , 0
model_gen/gen_5.keras , 0
model_gen/gen_5.keras , 0
model_gen/gen_6.keras , 0
model_gen/gen_6.keras , 0
model_gen/gen_6.keras , 2.0
model_gen/gen_6.keras , 2.0
model_gen/gen_6.keras , 0
model_gen/gen_7.keras , 0
model_gen/gen_7.keras , 0
model_gen/gen_7.keras , 2.0
model_gen/gen_7.keras , 0
model_gen/gen_7.keras , 0
model_gen/gen_8.keras , 0
model_gen/gen_8.keras , 0
model_gen/gen_8.keras , 0
model_gen/gen_8.keras , 0
model_gen/gen_8.keras , 0
model_gen/gen_9.keras , 0
model_gen/gen_9.keras , 0
model_gen/gen_9.keras , 0
model_gen/gen_9.keras , 0
model_gen/gen_9.keras , 0
model_gen/gen_10.keras , 0
model_gen/gen_10.keras , 0
model_gen/gen_10.keras , 2.0
model_gen/gen_10.keras , 0
model_gen/gen_10.keras , 0
model_gen/gen_11.keras , 0
model_gen/gen_11.keras , 0
model_gen/gen_11.keras , 0
model_gen/gen_11.keras , 0
model_gen/gen_11.keras , 0
model_gen/gen_12.keras , 2.0
model_gen/gen_12.keras , 0
model_gen/gen_12.keras , 2.0
model_gen/gen_12.keras , 0
model_gen/gen_12.keras , 2.0
model_gen/gen_13.keras , 0
model_gen/gen_13.keras , 0
model_gen/gen_13.keras , 2.0
model_gen/gen_13.keras , 0
model_gen/gen_13.keras , 0
model_gen/gen_14.keras , 0
model_gen/gen_14.keras , 0
model_gen/gen_14.keras , 0
model_gen/gen_14.keras , 0
model_gen/gen_14.keras , 0
model_gen/gen_15.keras , 0
model_gen/gen_15.keras , 0
model_gen/gen_15.keras , 0
model_gen/gen_15.keras , 0
model_gen/gen_15.keras , 0
model_gen/gen_16.keras , 0
model_gen/gen_16.keras , 0
model_gen/gen_16.keras , 0
model_gen/gen_16.keras , 0
model_gen/gen_16.keras , 2.0
model_gen/gen_17.keras , 0
model_gen/gen_17.keras , 4.0
model_gen/gen_17.keras , 0
model_gen/gen_17.keras , 2.0
model_gen/gen_17.keras , 0
model_gen/gen_18.keras , 0
model_gen/gen_18.keras , 2.0
model_gen/gen_18.keras , 0
model_gen/gen_18.keras , 0
model_gen/gen_18.keras , 0
model_gen/gen_19.keras , 2.0
model_gen/gen_19.keras , 2.0
model_gen/gen_19.keras , 0
model_gen/gen_19.keras , 0
model_gen/gen_19.keras , 4.0
model_gen/gen_20.keras , 0
model_gen/gen_20.keras , 0
model_gen/gen_20.keras , 2.0
model_gen/gen_20.keras , 0
model_gen/gen_20.keras , 0
model_gen/gen_21.keras , 0
model_gen/gen_21.keras , 0
model_gen/gen_21.keras , 2.0
model_gen/gen_21.keras , 0
model_gen/gen_21.keras , 2.0
model_gen/gen_22.keras , 0
model_gen/gen_22.keras , 2.0
model_gen/gen_22.keras , 2.0
model_gen/gen_22.keras , 2.0
model_gen/gen_22.keras , 0
model_gen/gen_23.keras , 0
model_gen/gen_23.keras , 4.0
model_gen/gen_23.keras , 2.0
model_gen/gen_23.keras , 0
model_gen/gen_23.keras , 2.0
model_gen/gen_24.keras , 0
model_gen/gen_24.keras , 0
model_gen/gen_24.keras , 0
model_gen/gen_24.keras , 0
model_gen/gen_24.keras , 2.0
model_gen/gen_25.keras , 2.0
model_gen/gen_25.keras , 2.0
model_gen/gen_25.keras , 0
model_gen/gen_25.keras , 0
model_gen/gen_25.keras , 0
model_gen/gen_26.keras , 4.0
model_gen/gen_26.keras , 2.0
model_gen/gen_26.keras , 6.0
model_gen/gen_26.keras , 2.0
model_gen/gen_26.keras , 2.0
model_gen/gen_27.keras , 2.0
model_gen/gen_27.keras , 0
model_gen/gen_27.keras , 2.0
model_gen/gen_27.keras , 2.0
model_gen/gen_27.keras , 9.0
model_gen/gen_28.keras , 0
model_gen/gen_28.keras , 2.0
model_gen/gen_28.keras , 0
model_gen/gen_28.keras , 4.0
model_gen/gen_28.keras , 2.0
model_gen/gen_29.keras , 4.0
model_gen/gen_29.keras , 8.0
model_gen/gen_29.keras , 0
model_gen/gen_29.keras , 4.0
model_gen/gen_29.keras , 6.0
model_gen/gen_30.keras , 4.0
model_gen/gen_30.keras , 0
model_gen/gen_30.keras , 2.0
model_gen/gen_30.keras , 2.0
model_gen/gen_30.keras , 2.0
model_gen/gen_31.keras , 2.0
model_gen/gen_31.keras , 0
model_gen/gen_31.keras , 4.0
model_gen/gen_31.keras , 0
model_gen/gen_31.keras , 2.0
model_gen/gen_32.keras , 2.0
model_gen/gen_32.keras , 6.0
model_gen/gen_32.keras , 4.0
model_gen/gen_32.keras , 8.0
model_gen/gen_32.keras , 0
model_gen/gen_33.keras , 0
model_gen/gen_33.keras , 0
model_gen/gen_33.keras , 4.0
model_gen/gen_33.keras , 2.0
model_gen/gen_33.keras , 2.0
model_gen/gen_34.keras , 10.0
model_gen/gen_34.keras , 4.0
model_gen/gen_34.keras , 0
model_gen/gen_34.keras , 8.0
model_gen/gen_34.keras , 2.0
model_gen/gen_35.keras , 8.0
model_gen/gen_35.keras , 2.0
model_gen/gen_35.keras , 6.0
model_gen/gen_35.keras , 6.0
model_gen/gen_35.keras , 2.0
model_gen/gen_36.keras , 8.0
model_gen/gen_36.keras , 4.0
model_gen/gen_36.keras , 4.0
model_gen/gen_36.keras , 4.0
model_gen/gen_36.keras , 2.0
model_gen/gen_37.keras , 2.0
model_gen/gen_37.keras , 8.0
model_gen/gen_37.keras , 0
model_gen/gen_37.keras , 2.0
model_gen/gen_37.keras , 8.0
model_gen/gen_38.keras , 2.0
model_gen/gen_38.keras , 2.0
model_gen/gen_38.keras , 6.0
model_gen/gen_38.keras , 0
model_gen/gen_38.keras , 7.0
model_gen/gen_39.keras , 0
model_gen/gen_39.keras , 0
model_gen/gen_39.keras , 0
model_gen/gen_39.keras , 2.0
model_gen/gen_39.keras , 2.0
